{
     "rmse": 1.2167684356014914,
     "mae": 0.9510466741029387,
     "r2": 0.6889130201121806
}