{
     "rmse": 1.0334616275660147,
     "mae": 0.8663578841359774,
     "r2": 0.7357784380800978
}